-- 農の里（仮称）Phase 2 初期データ（mock-data.js から自動生成）
-- 生成: scratchpad/gen-seed.mjs ／ schema.sql 適用後に SQL Editor で実行する
-- 注意: 個人（peers）は auth.users が必要なため投入しない（実ユーザー登録後に置き換わる）

-- ---- 団体 ----
insert into public.groups (id, owner_id, display_name, area, stage, methods, note, activity, rhythm, welcome, links, photo, status) values ('11111111-1111-4111-8111-111111111101', null, '小さな畝の会', '笠間市', '家庭菜園1年目', array['自然農', '家庭菜園']::text[], '小さな畝で葉物から始めています。草を全部抜かず、様子を見ながら続けています。', '月1回の観察会に参加中', '毎月 第4日曜・午前', 'はじめての方の見学・途中参加・見るだけ参加を歓迎しています。', '{"website":"https://example.com/konaune-no-kai","instagram":"https://example.com/ig/konaune","sns":""}'::jsonb, 'photo-field', 'approved');
insert into public.group_updates (group_id, published_on, title, body) values ('11111111-1111-4111-8111-111111111101', '2026-06-20', '梅雨の草の便り', '雨続きで草の伸びが早いです。観察会では残す草と刈る草の見分けをやります。');
insert into public.group_updates (group_id, published_on, title, body) values ('11111111-1111-4111-8111-111111111101', '2026-06-05', '畝づくりを始めました', '葉物向けの小さな畝を新しく立てました。初心者の方は土いじりから一緒にどうぞ。');
insert into public.groups (id, owner_id, display_name, area, stage, methods, note, activity, rhythm, welcome, links, photo, status) values ('11111111-1111-4111-8111-111111111102', null, 'やさとの土づくり仲間', '石岡市', '畑あり', array['有機農法', '畑あり']::text[], '地域の勉強会に参加しながら、堆肥や草の扱いを少しずつ試しています。', '運営登録イベントの手伝い', '隔月 第1日曜・午後', '種や土の話を、初心者にもわかる言葉で共有しています。', '{"website":"https://example.com/yasato-tsuchi","instagram":"https://example.com/ig/yasato-tsuchi","sns":""}'::jsonb, 'photo-community', 'approved');
insert into public.group_updates (group_id, published_on, title, body) values ('11111111-1111-4111-8111-111111111102', '2026-07-01', '夏の種の交換会をひらきます', '自分で採った在来種・固定種の種を持ち寄る会です。種がない方の見学も歓迎。品種登録された品種は扱いません。');
insert into public.group_updates (group_id, published_on, title, body) values ('11111111-1111-4111-8111-111111111102', '2026-06-18', '在来種の勉強会、参加受付中', '地域に残る種の話を聞く会です。種を持っていない方の見学も歓迎です。');
insert into public.groups (id, owner_id, display_name, area, stage, methods, note, activity, rhythm, welcome, links, photo, status) values ('11111111-1111-4111-8111-111111111103', null, '庭先プランター部', '水戸市', 'プランター栽培', array['菌ちゃん農法', 'プランター']::text[], '土づくりを学びながら、庭先で小さく実験中です。', '土づくりワークショップに参加予定', '不定期・月1回ほど', 'ベランダや庭先だけでも参加できる、ゆるい集まりです。', '{"website":"","instagram":"https://example.com/ig/niwasaki-planter","sns":""}'::jsonb, 'photo-sprout', 'approved');
insert into public.group_updates (group_id, published_on, title, body) values ('11111111-1111-4111-8111-111111111103', '2026-06-12', '落ち葉を集めています', '土づくりワークショップに向けて、落ち葉や枝葉を少しずつ集めています。');

-- ---- イベント ----
insert into public.events (id, group_id, title, event_type, event_date, time_label, place, area_note, description, capacity, fee, deadline, belongings, note, welcome, rain_policy, schedule, seed_exchange, photo, interested_base, attending_base, status) values ('22222222-2222-4222-8222-222222222201', '11111111-1111-4111-8111-111111111101', '里山の草取りと観察会', '観察会', '2026-06-28', '10:00 - 12:00', '笠間市周辺', '詳細な場所は参加確定後にご案内', '畑まわりの草を観察し、残す草と刈る草の考え方を学びます。', 8, '無料', '2026-06-25', '帽子、飲み物、汚れてもよい靴', '', '初参加・見学だけ・途中参加も歓迎です。手ぶらで大丈夫。', '小雨決行。荒天時は中止（前日18時までにご連絡）', '[{"time":"10:00","label":"集合・かんたんな自己紹介"},{"time":"10:20","label":"畑を歩いて草の観察"},{"time":"11:20","label":"残す草・刈る草の考え方"},{"time":"11:50","label":"質問・ふりかえり"}]'::jsonb, false, 'photo-field', 14, 6, 'published');
insert into public.event_voices (event_id, who, body) values ('22222222-2222-4222-8222-222222222201', '40代・家庭菜園1年目', '草を全部抜かなくていいと知って気が楽になりました。');
insert into public.event_voices (event_id, who, body) values ('22222222-2222-4222-8222-222222222201', '30代・プランター栽培', '初めてでも輪に入りやすい雰囲気でした。');
insert into public.events (id, group_id, title, event_type, event_date, time_label, place, area_note, description, capacity, fee, deadline, belongings, note, welcome, rain_policy, schedule, seed_exchange, photo, interested_base, attending_base, status) values ('22222222-2222-4222-8222-222222222202', '11111111-1111-4111-8111-111111111102', '在来種を知る小さな勉強会', '勉強会', '2026-07-05', '13:30 - 15:00', '石岡市周辺', '詳細な場所は参加確定後にご案内', '地域に残る種の話を聞き、保存と共有の基本を学びます。', 12, '500円', '2026-07-02', '筆記用具', '種の正確な採取地点や個人宅は表示しません。', '種を持っていない方の見学も歓迎です。聞くだけ参加OK。', '屋内会場のため雨天決行', '[{"time":"13:30","label":"はじめに・地域の種の回覧"},{"time":"14:00","label":"地域に残る種の話"},{"time":"14:40","label":"保存と共有の基本"},{"time":"15:00","label":"終了"}]'::jsonb, false, 'photo-veggie', 6, 4, 'published');
insert into public.event_voices (event_id, who, body) values ('22222222-2222-4222-8222-222222222202', '50代・畑あり', '地域の種にこんな物語があるとは知りませんでした。');
insert into public.events (id, group_id, title, event_type, event_date, time_label, place, area_note, description, capacity, fee, deadline, belongings, note, welcome, rain_policy, schedule, seed_exchange, photo, interested_base, attending_base, status) values ('22222222-2222-4222-8222-222222222203', '11111111-1111-4111-8111-111111111101', '自然農の畑見学会', '見学会', '2026-07-12', '9:30 - 11:30', '水戸市周辺', '詳細な場所は参加確定後にご案内', '耕さない畑の様子を見ながら、初心者の始め方を確認します。', 10, '無料', '2026-07-09', '帽子、長袖、飲み物', '', '質問はいつでもどうぞ。畑を見るだけでも学びになります。', '小雨決行。荒天時は翌週に延期', '[{"time":"9:30","label":"集合"},{"time":"9:45","label":"耕さない畑をゆっくり見学"},{"time":"11:00","label":"始め方の質問タイム"},{"time":"11:30","label":"解散"}]'::jsonb, false, 'photo-community', 11, 8, 'published');
insert into public.event_voices (event_id, who, body) values ('22222222-2222-4222-8222-222222222203', '20代・はじめたばかり', '教科書と違う本物の畑を見られて納得感がありました。');
insert into public.events (id, group_id, title, event_type, event_date, time_label, place, area_note, description, capacity, fee, deadline, belongings, note, welcome, rain_policy, schedule, seed_exchange, photo, interested_base, attending_base, status) values ('22222222-2222-4222-8222-222222222204', '11111111-1111-4111-8111-111111111102', '地域の種を知る交流会', '交流会', '2026-07-19', '14:00 - 16:00', '県央エリア', '詳細な場所は参加確定後にご案内', '運営確認済みの小さな会。種の背景と扱い方を学びます。', 15, '無料', '2026-07-16', '筆記用具、持ち帰り袋', '販売や自由な出品機能ではなく、学びの場として扱います。', 'ひとりでの参加が多い会です。気負わず来てください。', '屋内会場のため雨天決行', '[{"time":"14:00","label":"はじめに"},{"time":"14:20","label":"地域の種の背景の話"},{"time":"15:00","label":"交流・質問"},{"time":"16:00","label":"終了"}]'::jsonb, false, 'photo-map', 9, 7, 'published');
insert into public.event_voices (event_id, who, body) values ('22222222-2222-4222-8222-222222222204', '30代・家庭菜園2年目', '種を持ち帰って育てる楽しみが増えました。');
insert into public.events (id, group_id, title, event_type, event_date, time_label, place, area_note, description, capacity, fee, deadline, belongings, note, welcome, rain_policy, schedule, seed_exchange, photo, interested_base, attending_base, status) values ('22222222-2222-4222-8222-222222222205', '11111111-1111-4111-8111-111111111103', '土づくりワークショップ', 'ワークショップ', '2026-07-26', '10:00 - 12:30', '八郷周辺', '詳細な場所は参加確定後にご案内', '落ち葉や草を活かした土づくりの基礎を体験します。', 9, '1,000円（材料費）', '2026-07-23', '手袋、汚れてもよい服、飲み物', '', 'ベランダ・庭先派も歓迎。道具は会で用意します。', '小雨決行。荒天時は中止（当日朝にご連絡）', '[{"time":"10:00","label":"集合・今日の流れの説明"},{"time":"10:20","label":"落ち葉と土の観察"},{"time":"11:00","label":"土づくり体験"},{"time":"12:00","label":"ふりかえり・解散"}]'::jsonb, false, 'photo-sprout', 5, 3, 'published');
insert into public.event_voices (event_id, who, body) values ('22222222-2222-4222-8222-222222222205', '40代・プランター栽培', '落ち葉が土になる過程を見られて感動しました。');
insert into public.events (id, group_id, title, event_type, event_date, time_label, place, area_note, description, capacity, fee, deadline, belongings, note, welcome, rain_policy, schedule, seed_exchange, photo, interested_base, attending_base, status) values ('22222222-2222-4222-8222-222222222206', '11111111-1111-4111-8111-111111111102', '夏の種の交換会', '種の交換会', '2026-08-02', '13:30 - 15:30', '石岡市周辺', '詳細な場所は参加確定後にご案内', '自分で育てて採った在来種・固定種の種を持ち寄り、来歴とともに交換します。種を持っていない方の見学・お裾分け参加も歓迎です。', 20, '無料', '2026-07-30', '交換したい種（あれば）、小分け用の袋、筆記用具', '販売や出品の場ではありません。品種登録された品種の種苗は扱いません。', '種がなくても大丈夫。見学だけ・もらうだけの参加も歓迎です。', '屋内会場のため雨天決行', '[{"time":"13:30","label":"受付・持ち寄った種の展示"},{"time":"13:50","label":"約束事の確認"},{"time":"14:00","label":"交換タイム"},{"time":"15:00","label":"来歴のシェア・ふりかえり"},{"time":"15:30","label":"終了"}]'::jsonb, true, 'photo-map', 13, 9, 'published');
insert into public.event_voices (event_id, who, body) values ('22222222-2222-4222-8222-222222222206', '60代・畑あり', '祖母が育てていた豆と同じ種に出会えて感激しました。');
insert into public.event_voices (event_id, who, body) values ('22222222-2222-4222-8222-222222222206', '30代・家庭菜園2年目', '来歴を聞きながらもらう種は、育てる気持ちが違います。');
insert into public.events (id, group_id, title, event_type, event_date, time_label, place, area_note, description, capacity, fee, deadline, belongings, note, welcome, rain_policy, schedule, seed_exchange, photo, interested_base, attending_base, status) values ('22222222-2222-4222-8222-222222222207', '11111111-1111-4111-8111-111111111101', '夏の畑の虫観察会', '観察会', '2026-08-09', '9:30 - 11:30', '笠間市周辺', '詳細な場所は参加確定後にご案内', '夏の畑にいる虫をじっくり観察し、敵・味方と決めつけない見方を学びます。とる会ではなく、見る会です。', 10, '無料', '2026-08-06', '帽子、飲み物、あれば虫めがね', '', 'お子さん連れ歓迎。虫が苦手な方は見るだけでも大丈夫です。', '小雨決行。荒天時は中止（前日18時までにご連絡）', '[{"time":"9:30","label":"集合・今日のねらい"},{"time":"9:50","label":"畑の虫さがし"},{"time":"10:50","label":"見つけた虫の役割を知る"},{"time":"11:20","label":"ふりかえり・解散"}]'::jsonb, false, 'photo-field', 4, 3, 'published');
insert into public.event_voices (event_id, who, body) values ('22222222-2222-4222-8222-222222222207', '30代・家庭菜園1年目', '害虫だと思っていた虫の役割を知って、見方が変わりました。');
insert into public.events (id, group_id, title, event_type, event_date, time_label, place, area_note, description, capacity, fee, deadline, belongings, note, welcome, rain_policy, schedule, seed_exchange, photo, interested_base, attending_base, status) values ('22222222-2222-4222-8222-222222222208', '11111111-1111-4111-8111-111111111103', '秋まき野菜の種まき講習', '勉強会', '2026-08-23', '10:00 - 12:00', '水戸市周辺', '詳細な場所は参加確定後にご案内', '秋まきの葉物やだいこん類の種まきを、固定種の種を使って実習します。まいた種は持ち帰って育てられます。', 12, '500円（種・資材代）', '2026-08-20', '筆記用具、持ち帰り用の袋', '', 'プランターの方も同じ内容でできます。初めての種まきに向いた回です。', '屋根のある作業場のため雨天決行', '[{"time":"10:00","label":"はじめに・固定種の種の話"},{"time":"10:30","label":"種まき実習"},{"time":"11:30","label":"育て方のポイント・質問"},{"time":"12:00","label":"終了"}]'::jsonb, false, 'photo-sprout', 9, 10, 'published');
insert into public.event_voices (event_id, who, body) values ('22222222-2222-4222-8222-222222222208', '40代・プランター栽培', 'まき方ひとつで発芽が変わると実感できました。');
insert into public.events (id, group_id, title, event_type, event_date, time_label, place, area_note, description, capacity, fee, deadline, belongings, note, welcome, rain_policy, schedule, seed_exchange, photo, interested_base, attending_base, status) values ('22222222-2222-4222-8222-222222222209', '11111111-1111-4111-8111-111111111102', '在来大豆の畑見学と枝豆の会', '見学会', '2026-09-06', '13:30 - 15:30', '石岡市周辺', '詳細な場所は参加確定後にご案内', '八郷周辺の在来大豆の畑を見学し、育ち方と種のつなぎ方の話を聞きます。季節の枝豆の味見つき。', 15, '300円', '2026-09-03', '帽子、飲み物', '枝豆の味見は数に限りがあります。販売は行いません。', '大豆を育てたことがなくても楽しめる回です。', '小雨決行。荒天時は翌週に延期', '[{"time":"13:30","label":"集合・今日の流れ"},{"time":"13:45","label":"在来大豆の畑を見学"},{"time":"14:45","label":"種のつなぎ方の話・枝豆の味見"},{"time":"15:30","label":"解散"}]'::jsonb, false, 'photo-veggie', 6, 5, 'published');
insert into public.event_voices (event_id, who, body) values ('22222222-2222-4222-8222-222222222209', '50代・畑あり', '在来の豆が畑でどう育つか、実物を見られてよかったです。');

-- ---- 在来種 ----
insert into public.seeds (id, name, aliases, crop_type, area, lat, lng, source_type, source_label, source_name, source_url, description_short, data_confidence, location_note, photo, related_group_id, published) values ('ibaraki-red-negi', '赤ねぎ', array['レッドポワロー', 'レッドポアロー', '圷ねぎ']::text[], 'ねぎ', '茨城県城里町・水戸周辺', 36.48, 140.38, 'local_material', '地域資料・要確認', '日本スローフード協会「赤ネギ」', 'https://slowfood-nippon.jp/red-poirot/', '茨城県内で伝統野菜として紹介される赤い葉鞘のねぎ。地域名や流通名の扱いは出典元で確認してください。', '地域資料をもとに作成・要確認', '位置は城里町・水戸周辺の目安です。正確な圃場所在地ではありません。', 'photo-veggie', '11111111-1111-4111-8111-111111111103', true);
insert into public.seeds (id, name, aliases, crop_type, area, lat, lng, source_type, source_label, source_name, source_url, description_short, data_confidence, location_note, photo, related_group_id, published) values ('ukishima-daikon', '浮島だいこん', array['浮島大根']::text[], 'だいこん', '茨城県稲敷市浮島周辺', 35.95, 140.42, 'local_material', '地域資料・要確認', '万農王国いばらき「浮島だいこん」', 'https://www.bannou.biz/column02/c2-south/post-369.html', '稲敷市浮島周辺の地域野菜として紹介されるだいこん。現存状況や栽培者情報は調査が必要です。', '地域資料をもとに作成・要確認', '位置は浮島周辺の目安です。正確な圃場所在地ではありません。', 'photo-field', null, true);
insert into public.seeds (id, name, aliases, crop_type, area, lat, lng, source_type, source_label, source_name, source_url, description_short, data_confidence, location_note, photo, related_group_id, published) values ('kaiji-takana', '貝地高菜', array['石岡高菜']::text[], '葉物野菜', '茨城県石岡市周辺', 36.19, 140.28, 'local_material', '地域資料・要確認', '種苗会社・地域資料での掲載情報', 'https://www.utane.co.jp/lineup/2706/', '石岡周辺に関わる高菜として紹介される葉物野菜。地域での扱いは追加確認が必要です。', '地域資料をもとに作成・要確認', '位置は石岡市周辺の目安です。正確な圃場所在地ではありません。', 'photo-sprout', '11111111-1111-4111-8111-111111111102', true);
insert into public.seeds (id, name, aliases, crop_type, area, lat, lng, source_type, source_label, source_name, source_url, description_short, data_confidence, location_note, photo, related_group_id, published) values ('satokawa-kabocha', '里川かぼちゃ', array['里川カボチャ', '里川の土手カボチャ']::text[], 'かぼちゃ', '茨城県常陸太田市里川町周辺', 36.73, 140.56, 'local_material', '地域資料・要確認', '茨城県農業総合センター「より多くの消費者に里川カボチャを届けるために」', 'https://www.pref.ibaraki.jp/nourinsuisan/nosose/cont/posts/kodawari505.html', '常陸太田市里川町周辺で地域に受け継がれてきたかぼちゃとして紹介されています。', '県資料をもとに作成・要確認', '位置は里川町周辺の目安です。正確な圃場所在地ではありません。', 'photo-veggie', null, true);
insert into public.seeds (id, name, aliases, crop_type, area, lat, lng, source_type, source_label, source_name, source_url, description_short, data_confidence, location_note, photo, related_group_id, published) values ('goka-yatsugashira', '八つ頭', array['五霞町八つ頭', 'やつがしら']::text[], '里芋類', '茨城県猿島郡五霞町周辺', 36.1, 139.75, 'local_material', '地域資料・要確認', '五霞町公式ホームページ「五霞町伝統野菜 八つ頭」', 'https://www.town.goka.lg.jp/kurashi-machi-shigoto/gokanabi/taberu-kau/page004745.html', '五霞町の伝統野菜として紹介される里芋類。地域での継承状況は出典元をご確認ください。', '自治体公開情報をもとに作成・要確認', '位置は五霞町周辺の目安です。正確な圃場所在地ではありません。', 'photo-field', null, true);
insert into public.seeds (id, name, aliases, crop_type, area, lat, lng, source_type, source_label, source_name, source_url, description_short, data_confidence, location_note, photo, related_group_id, published) values ('mito-mizura', 'みずら', array['水戸在来とうがらし']::text[], 'とうがらし', '茨城県水戸周辺', 36.37, 140.47, 'research_needed', '調査中・本人確認前', '日本伝統野菜推進協会の紹介情報・要確認', 'https://tradveggie.or.jp/traditional-vegetables-prefecture/8-ibaraki/', '水戸在来に由来するとされるとうがらし。名称や栽培状況は地域調査が必要です。', '調査中・本人確認前', '位置は水戸周辺の目安です。正確な圃場所在地ではありません。', 'photo-veggie', '11111111-1111-4111-8111-111111111103', true);
insert into public.seeds (id, name, aliases, crop_type, area, lat, lng, source_type, source_label, source_name, source_url, description_short, data_confidence, location_note, photo, related_group_id, published) values ('musume-kita-azuki', '娘来た', array['娘きた', 'むすめきた']::text[], '小豆', '茨城県常陸太田市周辺', 36.55, 140.53, 'local_material', '地域資料・要確認', 'よみうりタウンニュース「土地に根ざしたまだら小豆『娘来た』」', 'https://yomiuri-townnews.com/autumn-taste-4/2021/10/18/', '常陸太田周辺の在来小豆として紹介される豆。栽培者や流通状況は本人確認後に整理します。', '地域記事をもとに作成・要確認', '位置は常陸太田市周辺の目安です。正確な圃場所在地ではありません。', 'photo-map', null, true);
insert into public.seeds (id, name, aliases, crop_type, area, lat, lng, source_type, source_label, source_name, source_url, description_short, data_confidence, location_note, photo, related_group_id, published) values ('yasato-zairai-daizu', '八郷大豆', array['八郷在来', '八郷在来ふくめ']::text[], '大豆', '茨城県石岡市八郷周辺', 36.22, 140.2, 'research_needed', '調査中・本人確認前', '地域資料・聞き取り調査予定', '', '八郷周辺で受け継がれてきた大豆として調査したい候補。名称や系統は確認が必要です。', '調査中・本人確認前', '位置は石岡市八郷周辺の目安です。正確な圃場所在地ではありません。', 'photo-field', '11111111-1111-4111-8111-111111111102', true);
insert into public.seeds (id, name, aliases, crop_type, area, lat, lng, source_type, source_label, source_name, source_url, description_short, data_confidence, location_note, photo, related_group_id, published) values ('tanokuro-mame', 'たのくろ豆', array['田畦豆', 'たのくろまめ']::text[], '大豆', '茨城県央・県南周辺', 36.33, 140.25, 'local_material', '地域資料・要確認', 'きたかんナビ・地域商品資料での掲載情報', 'https://kitakan-navi.jp/archives/168476', '茨城県産の在来大豆として紹介される豆。地域や栽培者ごとの情報は追加確認が必要です。', '地域資料をもとに作成・要確認', '位置は県央・県南周辺の目安です。正確な圃場所在地ではありません。', 'photo-map', null, true);
insert into public.seeds (id, name, aliases, crop_type, area, lat, lng, source_type, source_label, source_name, source_url, description_short, data_confidence, location_note, photo, related_group_id, published) values ('nissato-negi', '新里ねぎ', array['にっさとねぎ']::text[], 'ねぎ', '栃木県宇都宮市新里町周辺', 36.63, 139.83, 'local_material', '地域資料・要確認', '地理的表示（GI）産品情報発信サイト「新里ねぎ」', 'https://pd.jgic.jp/register/entry/35.html', '江戸時代から自家採種で受け継がれてきた在来の曲がりねぎ。柔らかく甘みが強いと紹介されています。', '公的登録情報をもとに作成・要確認', '位置は宇都宮市新里町周辺の目安です。正確な圃場所在地ではありません。', 'photo-veggie', null, true);
insert into public.seeds (id, name, aliases, crop_type, area, lat, lng, source_type, source_label, source_name, source_url, description_short, data_confidence, location_note, photo, related_group_id, published) values ('miya-negi', '宮ねぎ', array['宮葱']::text[], 'ねぎ', '栃木県栃木市周辺', 36.38, 139.73, 'local_material', '地域資料・要確認', 'とちぎ農産物マーケティング協会「宮ねぎ」', 'https://tochigipower.com/?page=c-002miyanegi', '株が枝分かれしてグローブのような形に育つ栃木市の在来ねぎ。江戸への歳暮に使われたと伝わります。', '地域資料をもとに作成・要確認', '位置は栃木市周辺の目安です。正確な圃場所在地ではありません。', 'photo-field', null, true);
insert into public.seeds (id, name, aliases, crop_type, area, lat, lng, source_type, source_label, source_name, source_url, description_short, data_confidence, location_note, photo, related_group_id, published) values ('shimonita-negi', '下仁田ねぎ', array['殿様ねぎ']::text[], 'ねぎ', '群馬県甘楽郡下仁田町周辺', 36.21, 138.79, 'local_material', '地域資料・要確認', 'ぐんまアグリネット「下仁田ねぎ」', 'https://aic.pref.gunma.jp/vegetable/shimonitanegi', '太く短いずんぐりした姿の一本ねぎ。江戸時代から栽培され、大名への献上品とされたと伝わります。', '自治体公開情報をもとに作成・要確認', '位置は下仁田町周辺の目安です。正確な圃場所在地ではありません。', 'photo-veggie', null, true);
insert into public.seeds (id, name, aliases, crop_type, area, lat, lng, source_type, source_label, source_name, source_url, description_short, data_confidence, location_note, photo, related_group_id, published) values ('kokubu-ninjin', '国分にんじん', array['こくぶにんじん']::text[], 'にんじん', '群馬県高崎市国府地域周辺', 36.37, 139.01, 'local_material', '地域資料・要確認', '日本伝統野菜推進協会「群馬県の伝統野菜」', 'https://tradveggie.or.jp/traditional-vegetables-prefecture/10-gunma/', '長さ1mちかくにもなる長根系の在来にんじん。高崎市国府地域で栽培されてきたと紹介されています。', '地域資料をもとに作成・要確認', '位置は高崎市国府地域周辺の目安です。正確な圃場所在地ではありません。', 'photo-sprout', null, true);
insert into public.seeds (id, name, aliases, crop_type, area, lat, lng, source_type, source_label, source_name, source_url, description_short, data_confidence, location_note, photo, related_group_id, published) values ('norabouna', 'のらぼう菜', array['のらぼう']::text[], '葉物野菜', '埼玉県比企地域周辺', 36.05, 139.26, 'local_material', '地域資料・要確認', '埼玉県「のらぼう菜」', 'https://www.pref.saitama.lg.jp/b0903/norabouna.html', '江戸時代から比企地域で栽培されてきた菜の花の仲間。飢きんを救った野菜とも伝えられます。東京・神奈川にも同系統があります。', '自治体公開情報をもとに作成・要確認', '位置は比企地域周辺の目安です。正確な圃場所在地ではありません。', 'photo-sprout', null, true);
insert into public.seeds (id, name, aliases, crop_type, area, lat, lng, source_type, source_label, source_name, source_url, description_short, data_confidence, location_note, photo, related_group_id, published) values ('shakushina', 'しゃくし菜', array['雪白体菜']::text[], '葉物野菜', '埼玉県秩父地方周辺', 35.99, 139.08, 'local_material', '地域資料・要確認', '埼玉県「しゃくし菜（秩父の農産物）」', 'https://www.pref.saitama.lg.jp/soshiki/b0904/nougyou/syakushina.html', '葉の形が杓子に似た漬け菜。秩父地方で古くから漬物用に栽培されてきたと紹介されています。', '自治体公開情報をもとに作成・要確認', '位置は秩父地方周辺の目安です。正確な圃場所在地ではありません。', 'photo-field', null, true);
insert into public.seeds (id, name, aliases, crop_type, area, lat, lng, source_type, source_label, source_name, source_url, description_short, data_confidence, location_note, photo, related_group_id, published) values ('oura-gobou', '大浦ごぼう', array['大浦太牛蒡']::text[], 'ごぼう', '千葉県匝瑳市大浦周辺', 35.7, 140.56, 'local_material', '地域資料・要確認', '日本伝統野菜推進協会「千葉県の伝統野菜」', 'https://tradveggie.or.jp/%E6%97%A5%E6%9C%AC%E3%81%AE%E4%BC%9D%E7%B5%B1%E9%87%8E%E8%8F%9C%EF%BC%8D12-%E5%8D%83%E8%91%89%E7%9C%8C/', '直径10cmにもなる太い在来ごぼう。中に空洞があり、江戸時代から匝瑳市大浦地区で栽培と伝わります。', '地域資料をもとに作成・要確認', '位置は匝瑳市大浦周辺の目安です。正確な圃場所在地ではありません。', 'photo-map', null, true);
insert into public.seeds (id, name, aliases, crop_type, area, lat, lng, source_type, source_label, source_name, source_url, description_short, data_confidence, location_note, photo, related_group_id, published) values ('hagura-uri', 'はぐらうり', array['歯茎瓜']::text[], 'うり', '千葉県東総地域周辺', 35.72, 140.65, 'local_material', '地域資料・要確認', 'マイナビ農業「千葉の伝統野菜『ハグラウリ』とは？」', 'https://agri.mynavi.jp/2025_09_05_363176/', '肉質がやわらかい白うりの仲間。浅漬けなどで夏の食卓を支えてきた千葉の在来種と紹介されています。', '地域資料をもとに作成・要確認', '位置は千葉県東総地域周辺の目安です。正確な圃場所在地ではありません。', 'photo-veggie', null, true);
insert into public.seeds (id, name, aliases, crop_type, area, lat, lng, source_type, source_label, source_name, source_url, description_short, data_confidence, location_note, photo, related_group_id, published) values ('nerima-daikon', '練馬大根', array['練馬ダイコン']::text[], 'だいこん', '東京都練馬区周辺', 35.74, 139.65, 'local_material', '地域資料・要確認', 'JA東京中央会「江戸東京野菜・練馬ダイコン」', 'https://www.tokyo-ja.or.jp/farm/edo/01.php', '長さ1mに達する江戸東京野菜の代表格。享保年間には練馬大根の名が定着したと伝わります。', '地域資料をもとに作成・要確認', '位置は練馬区周辺の目安です。正確な圃場所在地ではありません。', 'photo-field', null, true);
insert into public.seeds (id, name, aliases, crop_type, area, lat, lng, source_type, source_label, source_name, source_url, description_short, data_confidence, location_note, photo, related_group_id, published) values ('takinogawa-gobou', '滝野川ごぼう', array['滝野川牛蒡']::text[], 'ごぼう', '東京都北区滝野川周辺', 35.75, 139.73, 'local_material', '地域資料・要確認', 'JA東京中央会「江戸東京野菜について」', 'https://www.tokyo-ja.or.jp/farm/edo/', '享保年間に北区滝野川付近で栽培が広がったと伝わる長根のごぼう。全国のごぼうの多くがこの系統とされます。', '地域資料をもとに作成・要確認', '位置は北区滝野川周辺の目安です。正確な圃場所在地ではありません。', 'photo-map', null, true);
insert into public.seeds (id, name, aliases, crop_type, area, lat, lng, source_type, source_label, source_name, source_url, description_short, data_confidence, location_note, photo, related_group_id, published) values ('naito-togarashi', '内藤とうがらし', array['八房とうがらし']::text[], 'とうがらし', '東京都新宿区（新宿御苑周辺）', 35.69, 139.71, 'local_material', '地域資料・要確認', 'JA東京中央会「江戸東京野菜について」', 'https://www.tokyo-ja.or.jp/farm/edo/', '内藤家の菜園（のちの新宿御苑）から広がったと伝わる八房系のとうがらし。近年復活の取り組みが進んでいます。', '地域資料をもとに作成・要確認', '位置は新宿御苑周辺の目安です。正確な圃場所在地ではありません。', 'photo-veggie', null, true);
insert into public.seeds (id, name, aliases, crop_type, area, lat, lng, source_type, source_label, source_name, source_url, description_short, data_confidence, location_note, photo, related_group_id, published) values ('miura-daikon', '三浦大根', array['みうらだいこん']::text[], 'だいこん', '神奈川県三浦市周辺', 35.14, 139.62, 'local_material', '地域資料・要確認', '三浦市「農産物の紹介」', 'https://www.city.miura.kanagawa.jp/soshiki/nosanka/1433.html', '三浦半島で受け継がれてきた大型のだいこん。煮くずれしにくく、正月のなますなど行事食を支えてきました。', '自治体公開情報をもとに作成・要確認', '位置は三浦市周辺の目安です。正確な圃場所在地ではありません。', 'photo-field', null, true);
insert into public.seeds (id, name, aliases, crop_type, area, lat, lng, source_type, source_label, source_name, source_url, description_short, data_confidence, location_note, photo, related_group_id, published) values ('tsukui-daizu', '津久井在来大豆', array['津久井大豆']::text[], '大豆', '神奈川県相模原市緑区（津久井地域）周辺', 35.6, 139.26, 'local_material', '地域資料・要確認', '神奈川県「津久井在来大豆に関する取り組み」', 'https://www.pref.kanagawa.jp/docs/cf7/cnt/f450008/p581275.html', '津久井地域で古くから栽培されてきた大粒の在来大豆。一時は「幻の大豆」と呼ばれ、復活の取り組みが進んでいます。', '自治体公開情報をもとに作成・要確認', '位置は津久井地域周辺の目安です。正確な圃場所在地ではありません。', 'photo-map', null, true);
insert into public.seeds (id, name, aliases, crop_type, area, lat, lng, source_type, source_label, source_name, source_url, description_short, data_confidence, location_note, photo, related_group_id, published) values ('yomaki-kyuri', '会津余蒔きゅうり', array['余蒔胡瓜']::text[], 'きゅうり', '福島県会津若松市周辺', 37.49, 139.93, 'local_material', '地域資料・要確認', '会津の伝統野菜を守る会「余蒔きゅうり」', 'https://www.aizu-city.net/dentouyasai/%E4%BC%9D%E7%B5%B1%E9%87%8E%E8%8F%9C%E3%81%A8%E3%81%AF/%E4%BD%99%E8%92%94%E3%81%8D%E3%82%85%E3%81%86%E3%82%8A.html', '「余蒔」は前年の種を蒔く意。江戸時代から続き一度姿を消しましたが、平成20年に復活した会津の在来きゅうりです。', '地域団体の公開情報をもとに作成・要確認', '位置は会津若松市周辺の目安です。正確な圃場所在地ではありません。', 'photo-veggie', null, true);
insert into public.seeds (id, name, aliases, crop_type, area, lat, lng, source_type, source_label, source_name, source_url, description_short, data_confidence, location_note, photo, related_group_id, published) values ('arakuda-kukitachi', '荒久田茎立', array['あらくだくきたち']::text[], '葉物野菜', '福島県会津若松市町北町周辺', 37.52, 139.94, 'local_material', '地域資料・要確認', '会津の伝統野菜を守る会「伝統野菜紹介」', 'https://www.aizu-city.net/dentouyasai/%E4%BC%9D%E7%B5%B1%E9%87%8E%E8%8F%9C%E3%81%A8%E3%81%AF.html', '会津若松市町北町荒久田が発祥と伝わる漬け菜。早春に伸びるトウは冬を越して甘みがあるとされます。', '地域団体の公開情報をもとに作成・要確認', '位置は会津若松市町北町周辺の目安です。正確な圃場所在地ではありません。', 'photo-sprout', null, true);
insert into public.seeds (id, name, aliases, crop_type, area, lat, lng, source_type, source_label, source_name, source_url, description_short, data_confidence, location_note, photo, related_group_id, published) values ('akutsu-magari-negi', '阿久津曲がりねぎ', array['あくつまがりねぎ']::text[], 'ねぎ', '福島県郡山市阿久津町周辺', 37.35, 140.42, 'local_material', '地域資料・要確認', '日本伝統野菜推進協会「福島県の伝統野菜」', 'https://tradveggie.or.jp/traditional-vegetables-prefecture/7-fukushima/', '明治30年頃から栽培が始まったと伝わる曲がりねぎ。柔らかく甘みが強いと紹介されています。', '地域資料をもとに作成・要確認', '位置は郡山市阿久津町周辺の目安です。正確な圃場所在地ではありません。', 'photo-field', null, true);

-- ---- イベント⇔在来種 ----
insert into public.event_seeds (event_id, seed_id) values ('22222222-2222-4222-8222-222222222202', 'kaiji-takana');
insert into public.event_seeds (event_id, seed_id) values ('22222222-2222-4222-8222-222222222202', 'yasato-zairai-daizu');
insert into public.event_seeds (event_id, seed_id) values ('22222222-2222-4222-8222-222222222204', 'kaiji-takana');
insert into public.event_seeds (event_id, seed_id) values ('22222222-2222-4222-8222-222222222204', 'satokawa-kabocha');
insert into public.event_seeds (event_id, seed_id) values ('22222222-2222-4222-8222-222222222204', 'tanokuro-mame');
insert into public.event_seeds (event_id, seed_id) values ('22222222-2222-4222-8222-222222222205', 'yasato-zairai-daizu');
insert into public.event_seeds (event_id, seed_id) values ('22222222-2222-4222-8222-222222222206', 'kaiji-takana');
insert into public.event_seeds (event_id, seed_id) values ('22222222-2222-4222-8222-222222222206', 'tanokuro-mame');
insert into public.event_seeds (event_id, seed_id) values ('22222222-2222-4222-8222-222222222206', 'yasato-zairai-daizu');
insert into public.event_seeds (event_id, seed_id) values ('22222222-2222-4222-8222-222222222209', 'tanokuro-mame');
insert into public.event_seeds (event_id, seed_id) values ('22222222-2222-4222-8222-222222222209', 'yasato-zairai-daizu');
